TAIL_NUMBER,VALUES
N382SW,839
N896AT,3070
N708AS,2309
N760EV,2488
N872AS,3040
N3JYAA,1058
N811DZ,2757
N968DL,3506
N902DE,3091
N4XYAA,1438
N531NK,1585
N3HVAA,1038
N360NW,706
N380SW,833
N626SW,1974
N213UA,381
N297WN,546
N751EV,2443
N929SW,3288
N530MQ,1578
N659JB,2117
N117SY,67
N37700,824
N902EV,3092
N487CA,1369
N444UA,1227
N367NW,732
N913DN,3165
N3JXAA,1057
N556AS,1673
N766SK,2527
N587NK,1778
N324JB,603
N581UW,1755
N929EV,3285
N7738A,2586
N8327A,2866
N345NW,665
N413WN,1137
N3HJAA,1029
N657AW,2106
N150UW,220
N253WN,471
N813SK,2765
N612JB,1911
N925DL,3254
N496CA,1404
N744SW,2421
N593ML,1801
N223WN,409
N186PQ,313
N505AA,1467
N565UW,1708
N3JFAA,1046
N609SW,1901
N570WN,1731
N565AS,1706
N426AA,1169
N625MQ,1968
N867AS,3033
N433LV,1191
N508NK,1486
N855AS,2942
N906AT,3115
N14180,181
N954SW,3438
N619MQ,1945
N874AS,3042
N39475,882
N656AW,2102
N823MQ,2808
N110UW,34
N472WN,1317
N3756,802
N695DL,2257
N833DN,2873
N8635F,2994
N462WN,1283
N545UW,1632
N14974,215
N76514,2515
N171US,282
N14242,193
N758SK,2482
N580UW,1751
N652AW,2086
N266WN,494
N574AA,1737
N649SW,2080
N656JB,2103
N434AA,1194
N527VA,1564
N13161,129
N429UA,1178
N710SK,2322
N254WN,472
N634VA,2018
N772SK,2575
N730SK,2384
N623SW,1960
N445SW,1229
N708EV,2310
N593JB,1800
N514MQ,1500
N7729A,2574
N776SK,2612
N265WN,492
N12145,77
N845UA,2918
N3BNAA,927
N593AS,1799
N530US,1580
N784SW,2648
N913WN,3168
N835DN,2880
N619SW,1947
N647MQ,2072
N830AS,2843
N8641B,3001
N247WN,463
N595JB,1807
N446SW,1232
N823UA,2810
N641CA,2050
N67815,2195
N912EV,3159
N11176,42
N923US,3243
N548US,1642
N914DN,3171
N928EV,3277
N812SK,2761
N8620H,2977
N3LWAA,1092
N257WN,476
N374JB,794
N705SW,2300
N918WN,3204
N954AT,3434
N416WN,1144
N3GFAA,1007
N259WN,479
N659DL,2116
N69804,2264
N237WN,441
N679MQ,2205
N696MQ,2260
N753US,2454
N002AA,1
N553NW,1663
N972AT,3519
N714CB,2339
N864AA,3010
N587UA,1779
N361NW,709
N7814B,2630
N73283,2391
N922US,3235
N903WN,3099
N13718,147
N688MQ,2237
N917DN,3192
N910DE,3147
N369NB,741
N589UA,1789
N472UA,1316
N17169,279
N12172,83
N681MQ,2210
N278WN,516
N692MQ,2249
N3FJAA,991
N477CA,1332
N392SW,874
N773SK,2589
N650SW,2083
N69818,2267
N3LGAA,1082
N210FR,369
N7716A,2558
N613AS,1915
N225WN,413
N221WN,405
N947UW,3397
N3GEAA,1006
N780SK,2625
N904AW,3100
N550UA,1650
N484AA,1357
N608SW,1897
N298WN,548
N951DL,3416
N495CA,1400
N868AS,3035
N14148,174
N836UA,2885
N971SW,3517
N837AW,2887
N915DN,3178
N467WN,1299
N600QX,1855
N831DN,2857
N14203,186
N7745A,2597
N922WN,3236
N461SW,1279
N409AS,1125
N948DL,3399
N477HA,1333
N4XDAA,1422
N3FTAA,997
N8628A,2985
N835AW,2879
N389SW,866
N965UW,3496
N767AS,2530
N925AT,3253
N362NW,716
N778AS,2617
N708SK,2312
N485WN,1363
N202AA,349
N673AE,2182
N860AS,2965
N4YDAA,1442
N4YEAA,1443
N11127,37
N707SA,2306
N8308K,2841
N558WN,1685
N809CA,2748
N3760C,812
N793SK,2686
N866AS,3031
N4XUAA,1434
N962SW,3480
N744P,2419
N241WN,449
N524MQ,1542
N329JB,615
N4YLAA,1446
N586AS,1772
N7714B,2556
N851AA,2932
N515SW,1506
N419UA,1152
N526VA,1559
N390HA,868
N526AS,1553
N7812G,2628
N629VA,1992
N816SK,2778
N3769L,820
N294JB,541
N485HA,1362
N8661A,3022
N16561,254
N194UW,330
N631MQ,1998
N35407,690
N136DL,143
N3HKAA,1030
N176PQ,289
N933EV,3310
N187PQ,317
N11192,48
N918DL,3199
N747SA,2429
N955DN,3443
N16701,258
N119SY,71
N229JB,425
N483HA,1355
N945UW,3384
N216JB,392
N606SK,1884
N639MQ,2040
N486HA,1365
N231WN,430
N500WR,1454
N220WN,404
N502MQ,1458
N69824,2269
N910AT,3145
N952DL,3422
N45440,1254
N76504,2512
N5BVAA,1822
N902MQ,3094
N193JB,328
N504MQ,1465
N489AA,1378
N743SW,2418
N867AA,3032
N832DN,2870
N535US,1603
N375NC,810
N991AT,3562
N122SY,93
N930DN,3291
N481HA,1348
N896SK,3071
N423SW,1161
N922DL,3230
N34282,656
N730EV,2383
N700GS,2284
N841UA,2906
N676AE,2190
N899SK,3076
N713EV,2334
N8656B,3017
N376SW,823
N625SW,1970
N669DN,2155
N409UA,1126
N627VA,1981
N13979,161
N360SW,707
N974DL,3524
N607SK,1890
N781CA,2634
N29906,549
N907MQ,3128
N498UA,1408
N17159,278
N7740A,2590
N589AS,1786
N546AS,1633
N745SK,2422
N14972,214
N8651A,3013
N8604K,2958
N912DE,3156
N499WN,1411
N722EV,2362
N417WN,1147
N521JB,1526
N681DA,2209
N961UW,3477
N747UW,2430
N385DN,854
N468WN,1304
N815AW,2772
N957AT,3453
N38459,848
N611NK,1905
N812DN,2760
N706AS,2302
N861AS,2976
N12122,73
N916DL,3184
N188US,319
N507NK,1481
N3MNAA,1105
N630SK,1996
N12218,90
N7726A,2570
N815SK,2774
N916DN,3185
N785SK,2655
N211FR,377
N898SK,3074
N202FR,350
N14186,182
N77530,2609
N6709,2167
N811UA,2758
N952FR,3424
N660SW,2122
N714US,2340
N529JB,1573
N29717,545
N926DL,3263
N3CTAA,947
N915AT,3175
N723EV,2365
N821MQ,2800
N317AS,583
N21129,372
N366NB,729
N277WN,515
N238JB,442
N600MQ,1854
N768SW,2536
N7739A,2587
N57439,1736
N963DN,3484
N907DL,3125
N604SK,1875
N218FR,398
N471CA,1311
N782SK,2639
N67827,2196
N868AA,3034
N227WN,417
N906MQ,3120
N73406,2397
N214FR,383
N13969,157
N562AS,1693
N960DN,3471
N508MQ,1485
N705JB,2298
N027AA,17
N316US,582
N624AW,1962
N4WPAA,1418
N556NW,1675
N215UA,388
N79521,2692
N942DL,3365
N337JB,642
N6713Y,2174
N655WN,2101
N391DA,870
N712SK,2330
N954FR,3437
N3771K,825
N414WN,1139
N4YFAA,1444
N239JB,444
N439UA,1212
N473AA,1318
N937DN,3336
N793AA,2682
N925FR,3256
N686MQ,2222
N24103,447
N617SW,1936
N17196,281
N442SW,1221
N820UA,2795
N801UA,2717
N551WN,1656
N941DL,3357
N924DL,3246
N639SW,2042
N7719A,2561
N917DE,3190
N941MQ,3360
N967UW,3504
N958WN,3463
N73276,2390
N229WN,426
N3754A,800
N296JB,544
N569AA,1722
N663AW,2131
N947WN,3398
N8630B,2989
N716SW,2347
N203WN,354
N962DL,3478
N420WN,1155
N374DA,792
N588JB,1782
N759EV,2485
N307AS,563
N468CA,1302
N918FR,3200
N547AA,1636
N695MQ,2258
N5DKAA,1832
N279JB,517
N779JB,2621
N271LV,500
N14991,217
N627AS,1976
N524AS,1540
N813DN,2763
N401WN,1109
N3AGAA,904
N14177,180
N882AS,3053
N508JB,1484
N893AT,3064
N582CA,1756
N740SW,2410
N987AT,3554
N275WN,510
N501AA,1455
N68805,2227
N8650F,3012
N357SW,699
N15527,226
N3DGAA,956
N953WN,3433
N980SW,3539
N668MQ,2154
N609AS,1898
N659MQ,2118
N472CA,1315
N549UW,1647
N502NK,1459
N969SW,3510
N3LAAA,1078
N3EYAA,983
N390SW,869
N787AA,2661
N11189,46
N906SW,3121
N109UW,32
N743SK,2417
N251WN,469
N11187,45
N643SW,2061
N8614M,2969
N822MQ,2805
N480HA,1344
N363SW,720
N522VA,1534
N472AA,1313
N908DE,3133
N318NB,590
N550UW,1651
N77258,2567
N610WN,1902
N618AS,1938
N965WN,3497
N721UW,2361
N355NB,695
N621SW,1954
N552JB,1658
N951WN,3421
N14998,219
N13913,155
N935SW,3326
N752AT,2447
N449SW,1241
N905DA,3107
N963WN,3487
N65832,2109
N525VA,1552
N584JB,1765
N611AS,1903
N557WN,1681
N920DE,3214
N3751B,797
N918DH,3198
N773SA,2588
N396SW,890
N900PC,3082
N176UW,290
N28457,525
N620MQ,1948
N766JB,2526
N915US,3181
N552WN,1661
N371SW,748
N779SK,2622
N313US,575
N36207,712
N822AW,2803
N972DL,3520
N942WN,3369
N635SW,2022
N911DE,3154
N786SW,2660
N500MQ,1453
N479HA,1340
N933FR,3311
N551UW,1655
N508AS,1482
N449UA,1242
N11194,50
N131SY,130
N959WN,3469
N3ESAA,979
N931DN,3296
N422WN,1159
N351JB,677
N823DN,2807
N24211,451
N8323C,2862
N3742C,777
N286WN,530
N847AS,2923
N12167,82
N11536,60
N487WN,1372
N916SW,3187
N37470,786
N750SA,2440
N525AS,1547
N3765,816
N625NK,1969
N378NW,829
N486WN,1367
N516JB,1508
N558JB,1683
N703AS,2291
N485AA,1361
N3GLAA,1012
N663SW,2135
N268WN,496
N786AS,2658
N755SA,2466
N763SK,2503
N352NB,683
N78506,2650
N3KVAA,1075
N956DL,3448
N31131,572
N930EV,3292
N492WN,1391
N402AS,1110
N5CDAA,1823
N249WN,466
N72405,2369
N959AT,3464
N562WN,1696
N3DEAA,954
N213FR,380
N905DE,3108
N597AS,1814
N198UW,340
N11206,53
N945DN,3382
N427SW,1173
N34455,661
N530NK,1579
N319AS,592
N355JB,694
N3LVAA,1091
N605QX,1879
N303AS,556
N971AT,3515
N486UA,1366
N506CA,1473
N3HXAA,1040
N492SW,1389
N952DN,3423
N921FR,3226
N641MQ,2052
N16541,251
N809JB,2749
N534UW,1598
N725UW,2375
N622SW,1957
N667GB,2146
N514AA,1498
N631SK,2000
N602XJ,1865
N635MQ,2020
N218WN,399
N616SW,1932
N836AW,2882
N3746H,785
N3EHAA,971
N952WN,3427
N644MQ,2064
N909MQ,3142
N7701B,2540
N637SW,2031
N121DE,86
N3CEAA,937
N519JB,1517
N418UA,1149
N246LV,458
N943WN,3375
N880AS,3051
N566JB,1711
N325US,607
N8664J,3025
N921EV,3225
N529AS,1572
N914DL,3170
N963DL,3483
N594HA,1804
N716UW,2348
N446UA,1233
N706SW,2303
N76528,2520
N12569,104
N611SK,1907
N527SW,1563
N883AS,3054
N3DRAA,962
N39450,879
N334NW,637
N541AA,1619
N661DN,2124
N537UW,1612
N7707C,2546
N3BEAA,920
N794AS,2688
N14920,212
N8648A,3008
N958AT,3459
N849AS,2927
N622NK,1956
N5EJAA,1835
N528UA,1570
N817UA,2784
N451WN,1246
N17122,273
N14174,179
N715SW,2343
N372SW,761
N964AT,3488
N8320J,2859
N667DN,2145
N816UA,2779
N609NK,1900
N762SW,2500
N5FCAA,1842
N910FR,3150
N912UY,3161
N807SK,2743
N3HRAA,1034
N132EV,133
N193UW,329
N651MQ,2084
N437SW,1205
N932FR,3303
N8602F,2956
N514UA,1503
N180DN,297
N404WN,1117
N395SW,886
N763SW,2504
N136EV,144
N826UA,2824
N212WN,379
N12166,81
N752EV,2448
N662JB,2129
N57864,1745
N309AS,566
N8626B,2983
N455SW,1260
N559WN,1687
N76515,2516
N460SW,1275
N129DL,121
N489HA,1379
N937SW,3339
N8639B,2997
N834DN,2876
N391SW,871
N15710,232
N982DL,3542
N794SW,2691
N431SW,1184
N634SW,2017
N926DH,3262
N5EGAA,1834
N7736A,2584
N983CA,3545
N106SY,27
N219AG,400
N554UW,1668
N806SK,2738
N850UA,2931
N663DN,2132
N452WN,1249
N923MQ,3241
N677AE,2194
N950DL,3412
N75854,2478
N453AS,1250
N823SK,2809
N465WN,1293
N936EV,3331
N571JB,1733
N379SW,831
N705UW,2301
N5FJAA,1847
N178JB,294
N512AS,1492
N34460,662
N631NK,1999
N378SW,830
N921DN,3224
N455UA,1261
N611QX,1906
N768JB,2534
N54241,1622
N802SK,2720
N280WN,519
N748EV,2432
N357NW,698
N910WN,3152
N960AT,3470
N7725A,2568
N955UW,3445
N8668A,3028
N361SW,710
N490HA,1381
N36280,715
N937DL,3335
N470UA,1309
N842AS,2908
N8610A,2966
N529UA,1575
N933DL,3308
N631SW,2001
N851VA,2935
N290WN,534
N169UW,267
N626VA,1975
N11535,59
N21144,374
N748SW,2434
N630MQ,1994
N105SY,25
N617QX,1935
N317JB,584
N310NW,571
N974AT,3523
N829DN,2834
N365NB,726
N709SK,2317
N6710E,2171
N944SW,3379
N613SW,1919
N802UA,2721
N258JB,477
N517JB,1511
N126UW,109
N978SW,3533
N891AT,3060
N3FMAA,993
N804SK,2729
N153UW,224
N615AS,1925
N920WN,3221
N535UA,1602
N317NB,585
N292WN,539
N4XFAA,1424
N579UW,1749
N949FR,3408
N759GS,2486
N957SW,3456
N316JB,580
N988AT,3555
N463WN,1286
N692CA,2247
N588AS,1781
N14143,173
N967AT,3501
N862AS,2988
N952SW,3425
N3730B,762
N5DHAA,1830
N914EV,3172
N939DL,3346
N172US,285
N261WN,482
N957UW,3457
N491HA,1385
N820MQ,2793
N3BUAA,930
N765AS,2522
N672DL,2181
N8615E,2970
N593NW,1802
N641VA,2055
N12157,78
N309JB,568
N201FR,347
N587JB,1777
N16987,266
N925SW,3258
N340LV,649
N8606C,2960
N964SW,3491
N906DA,3116
N369AA,740
N724SK,2371
N3ERAA,978
N465SW,1291
N432SW,1187
N967SW,3503
N770SA,2549
N13975,159
N563AS,1697
N7744A,2596
N3KMAA,1069
N571UW,1734
N640JB,2046
N754EV,2462
N3CFAA,938
N3EGAA,970
N69063,2241
N17146,277
N156UW,231
N560AS,1688
N758SW,2483
N796SK,2699
N568AS,1719
N580JB,1750
N834UA,2878
N712EV,2328
N925MQ,3257
N814AW,2768
N601WN,1860
N215AG,387
N1613B,242
N800SK,2714
N37474,788
N432UA,1188
N606NK,1883
N493UA,1394
N827DN,2826
N990DL,3561
N947JB,3395
N3FXAA,1001
N629SW,1991
N789SW,2670
N936WN,3333
N621MQ,1952
N926EV,3264
N3FBAA,984
N628MQ,1983
N348JB,671
N352SW,685
N76502,2510
N4XHAA,1426
N4WTAA,1419
N628NK,1984
N603MQ,1867
N576UW,1741
N121SY,87
N913DE,3163
N946UW,3390
N326NB,608
N791AS,2675
N294WN,542
N21154,375
N430WN,1182
N438WN,1210
N460UA,1276
N450WN,1244
N797AS,2702
N3BKAA,925
N453UA,1252
N352NW,684
N991DL,3563
N915WN,3182
N943DN,3371
N905SW,3113
N306JB,562
N949WN,3411
N395HA,885
N469WN,1307
N939SW,3350
N8659D,3019
N928MQ,3279
N444WN,1228
N8617E,2972
N541UW,1621
N842UA,2909
N640VA,2049
N555NW,1672
N766US,2529
N885AS,3056
N130SY,123
N324NB,604
N6706Q,2164
N818UA,2787
N403UA,1114
N724EV,2370
N3FGAA,989
N226WN,414
N265JB,491
N957DN,3455
N78285,2637
N855VA,2945
N505UA,1471
N452SW,1247
N252WN,470
N216WR,393
N3ANAA,910
N703UW,2295
N935MQ,3325
N642WN,2058
N563UW,1699
N841AS,2905
N459SW,1272
N507JB,1479
N603NK,1868
N755US,2468
N576AA,1740
N638MQ,2035
N930AT,3290
N644JB,2063
N665MQ,2142
N227AG,415
N361NB,708
N16732,261
N932MQ,3304
N633SW,2013
N634JB,2015
N453WN,1253
N614AS,1920
N754SK,2463
N76288,2497
N376DA,821
N745SW,2423
N8660A,3021
N74856,2431
N452UA,1248
N526MQ,1555
N437WN,1206
N13566,141
N717TW,2351
N374NW,795
N824UA,2816
N923DN,3239
N629BR,1988
N161PQ,246
N025AA,16
N955AT,3441
N24224,453
N3LYAA,1094
N7AXAA,2711
N28478,526
N949DL,3406
N660AW,2119
N7815L,2631
N687DL,2223
N24128,448
N235WN,435
N870AS,3038
N420UA,1154
N667AW,2144
N8647A,3007
N289CT,533
N3741S,773
N308DE,565
N22909,422
N322NB,598
N798SW,2705
N838UA,2893
N917DL,3191
N793SA,2685
N128SY,114
N33182,621
N26210,484
N412WN,1134
N903EV,3097
N756SK,2471
N446WN,1234
N3HCAA,1024
N959UW,3468
N191UW,325
N612SW,1914
N941DN,3358
N639JB,2039
N928SW,3280
N3LFAA,1081
N810UA,2756
N436WN,1203
N189UW,320
N37263,752
N783SK,2642
N628SW,1985
N213WN,382
N985DL,3550
N795SK,2694
N951FR,3418
N564JB,1702
N14228,190
N204FR,355
N575AA,1738
N38451,845
N262WN,486
N792AS,2679
N273WN,505
N675AW,2188
N181DN,300
N440LV,1214
N708JB,2311
N3KTAA,1073
N584NW,1766
N270WN,497
N333NW,634
N433AS,1190
N13997,165
N38458,847
N3764D,815
N14214,188
N3BTAA,929
N77865,2615
N12175,84
N746UW,2428
N8601C,2955
N930WN,3294
N314US,577
N699MQ,2282
N742PS,2415
N3AAAA,899
N904WN,3105
N609MQ,1899
N973SW,3522
N318JB,589
N965AT,3493
N36915,739
N765SK,2523
N3ETAA,980
N827UA,2829
N3MBAA,1096
N258WN,478
N311US,573
N920DN,3216
N3BJAA,924
N8652B,3014
N905EV,3110
N557NW,1679
N323JB,600
N37274,754
N512MQ,1493
N438SW,1208
N620NK,1949
N824MQ,2814
N655MQ,2100
N7816B,2632
N11107,35
N561JB,1691
N3766,817
N3749D,791
N630NK,1995
N323US,601
N12216,89
N104UW,23
N465UA,1292
N676AW,2191
N119US,72
N828DN,2830
N632SW,2007
N12135,75
N495UA,1401
N651SW,2085
N934DN,3316
N539MQ,1615
N924FR,3249
N5CEAA,1824
N586JB,1773
N903DA,3096
N337NB,643
N627SW,1980
N27152,498
N956UW,3451
N942DN,3366
N360NB,705
N618MQ,1941
N695CA,2256
N368NW,737
N111US,52
N753EV,2452
N76265,2495
N472AS,1314
N33292,629
N12563,101
N933DN,3309
N3753,799
N922AT,3229
N550AA,1648
N475WN,1328
N929WN,3289
N794JB,2689
N819AW,2788
N581NW,1754
N710TW,2324
N67058,2162
N971UY,3518
N764SW,2508
N283JB,523
N902DA,3090
N768AS,2533
N778SW,2618
N680AE,2207
N392DA,872
N21537,386
N461UA,1280
N637VA,2032
N228WN,421
N832AW,2869
N762AS,2498
N563WN,1700
N69829,2270
N821SK,2801
N4WLAA,1416
N33203,623
N919DE,3206
N995DL,3569
N794SK,2690
N908WN,3139
N62849,1982
N590AA,1790
N13995,164
N936SW,3332
N68880,2235
N441WN,1219
N8884E,3057
N33284,627
N603SK,1869
N556WN,1677
N752SW,2450
N981EV,3541
N122US,94
N712JB,2329
N973DL,3521
N955SW,3444
N801AW,2715
N69833,2272
N466SW,1295
N826MQ,2823
N17185,280
N624JB,1963
N920EV,3217
N7811F,2627
N539US,1616
N5PBMQ,1853
N693MQ,2252
N281WN,521
N109SY,31
N739GB,2407
N665JB,2141
N522SW,1531
N630JB,1993
N921WN,3228
N114SY,56
N77296,2573
N430UA,1181
N223AG,407
N834JB,2877
N13978,160
N648SW,2076
N3DHAA,957
N373HA,768
N594AS,1803
N949UW,3410
N851AS,2933
N901WN,3088
N715JB,2341
N657MQ,2108
N112US,54
N366NW,730
N248WN,464
N907DE,3124
N524SW,1544
N947DN,3393
N909DE,3140
N662AW,2127
N953FR,3430
N908FR,3136
N627MQ,1978
N516AS,1507
N614MQ,1921
N521VA,1530
N928AT,3274
N834AW,2875
N439SW,1211
N68821,2230
N3FCAA,985
N908MQ,3137
N363NW,719
N3KUAA,1074
N184JB,308
N519AS,1516
N907EV,3126
N670MQ,2169
N915DL,3177
N7702A,2541
N506MQ,1475
N998AT,3572
N17233,284
N3772H,826
N402UA,1111
N5DJAA,1831
N598UA,1818
N939AT,3345
N700UW,2285
N5FGAA,1845
N3743H,779
N415UA,1140
N547UA,1638
N3MAAA,1095
N3HLAA,1031
N963SW,3485
N13248,132
N705SK,2299
N550NW,1649
N861AA,2975
N462AS,1282
N606SW,1885
N202WN,351
N900DE,3079
N977DL,3531
N589JB,1787
N555LV,1671
N3768,819
N207UW,362
N345SA,666
N77430,2593
N162UW,249
N491AA,1384
N79279,2678
N817SK,2783
N878AS,3049
N4XLAA,1429
N538AS,1613
N66837,2150
N288WN,532
N629NK,1990
N347NW,670
N11551,64
N366SW,731
N7733B,2581
N361VA,711
N469AS,1305
N733SA,2395
N33262,625
N756AS,2469
N691CA,2244
N708SW,2313
N674DL,2185
N693BR,2250
N13903,153
N3CDAA,936
N14219,189
N256WN,474
N144DA,198
N823AW,2806
N301DQ,552
N560WN,1690
N569WN,1726
N520UW,1525
N236JB,436
N7704B,2542
N711UW,2327
N466WN,1297
N618WN,1943
N76529,2521
N673AW,2183
N585AA,1768
N372NW,760
N5EYAA,1840
N3FFAA,988
N7750A,2603
N37427,776
N118SY,69
N8632A,2991
N12126,74
N69838,2274
N3748Y,790
N332NB,631
N914DE,3169
N858AA,2950
N964DL,3489
N537AS,1607
N712US,2332
N859AS,2953
N232WN,432
N17730,292
N8326F,2865
N548CA,1641
N735SA,2400
N435UA,1199
N3KRAA,1071
N964DN,3490
N963UW,3486
N926FR,3265
N825AW,2817
N941FR,3359
N927FR,3271
N3JNAA,1052
N3AFAA,903
N12900,117
N206FR,359
N388SW,864
N76505,2513
N953SW,3431
N607AT,1887
N757LV,2474
N505NK,1470
N722US,2364
N905WN,3114
N488AA,1373
N527AS,1560
N988CA,3556
N8315C,2852
N876AS,3047
N931WN,3299
N14907,210
N12201,88
N632JB,2003
N128UW,116
N373SW,770
N931MQ,3298
N793AS,2683
N3JDAA,1044
N36447,721
N939MQ,3349
N476WN,1330
N741UW,2414
N821DN,2798
N15555,227
N475AA,1325
N608NK,1894
N8618N,2973
N181PQ,301
N945JB,3383
N454AA,1255
N566WN,1713
N764AS,2506
N954DL,3435
N3HAAA,1023
N904EV,3104
N912DL,3157
N166PQ,257
N844UA,2916
N37287,757
N657JB,2107
N938DN,3343
N451UA,1245
N562UW,1695
N407AS,1122
N980EV,3538
N370NB,744
N448WN,1240
N806UA,2739
N926WN,3268
N805SK,2733
N249JB,465
N358SW,702
N205WN,358
N364SW,725
N163US,250
N734SA,2399
N612QX,1913
N8301J,2835
N634MQ,2016
N643JB,2059
N421UA,1157
N368SW,738
N713UW,2337
N4YTAA,1451
N3JLAA,1051
N819DN,2789
N807JB,2742
N30401,558
N897SK,3072
N916US,3188
N646SW,2071
N3JEAA,1045
N937WN,3340
N812AW,2759
N4XPAA,1430
N442AS,1220
N8622A,2979
N3732J,763
N764US,2509
N315US,579
N460WN,1277
N424WN,1166
N230WN,427
N955WN,3446
N409WN,1127
N724SW,2372
N670DN,2168
N760AS,2487
N126DL,108
N910SW,3151
N626AE,1972
N5EKAA,1836
N130DL,122
N76508,2514
N760SK,2490
N969AT,3508
N652JB,2088
N303DQ,557
N645SW,2068
N926AT,3261
N222WN,406
N394SW,883
N386SW,858
N938DL,3342
N554CA,1666
N752US,2451
N445WN,1231
N440AS,1213
N488HA,1374
N3FWAA,1000
N350NA,676
N995AT,3568
N814UA,2771
N510JB,1489
N190UW,322
N408AS,1124
N904DE,3102
N38727,859
N342NB,658
N32404,602
N107SY,28
N516NK,1510
N3AJAA,906
N654MQ,2096
N516MQ,1509
N240WN,446
N3GGAA,1008
N929AT,3282
N685AE,2218
N932DN,3301
N405UA,1118
N6703D,2161
N663MQ,2134
N3KEAA,1063
N929DN,3284
N615QX,1929
N948FR,3401
N671DN,2178
N596UA,1812
N453SW,1251
N990AT,3560
N3733Z,764
N803DN,2723
N13914,156
N567AA,1714
N660DL,2120
N19117,323
N458UA,1269
N127SY,111
N801DZ,2716
N8616C,2971
N799SW,2707
N542UW,1625
N534MQ,1595
N389DA,865
N16559,253
N608SK,1896
N474WN,1324
N487AA,1368
N704SW,2296
N68843,2234
N182UW,306
N568JB,1720
N3HNAA,1033
N670SW,2170
N543UW,1628
N941WN,3363
N789AA,2667
N238WN,443
N8311Q,2848
N8621A,2978
N107US,29
N738SK,2406
N520JB,1522
N3773D,827
N658AW,2110
N947DL,3392
N8627B,2984
N833MQ,2874
N12528,98
N526SW,1557
N433SW,1192
N312US,574
N228FR,418
N529VA,1576
N920SW,3219
N14250,194
N607AS,1886
N905FR,3111
N961DN,3475
N228PQ,420
N116SY,66
N601NK,1859
N524VA,1546
N652BR,2087
N332NW,632
N827MQ,2828
N81449,2767
N12996,120
N7751A,2605
N818DA,2785
N559UW,1686
N3BXAA,932
N365SW,728
N38467,849
N11181,43
N12142,76
N8313F,2850
N385SW,856
N474AA,1322
N877AS,3048
N3GPAA,1014
N8312C,2849
N771SK,2563
N908DA,3132
N457AS,1265
N494CA,1397
N879AS,3050
N7709A,2548
N3HTAA,1036
N443WN,1226
N245WN,457
N583AS,1760
N488UA,1375
N411UA,1131
N8634A,2993
N14230,191
N640NK,2047
N901AW,3084
N3GUAA,1018
N3DUAA,963
N930SW,3293
N824DN,2813
N909WN,3144
N673DL,2184
N601AW,1857
N399DA,897
N962DN,3479
N4YPAA,1448
N716EV,2345
N8631A,2990
N36272,714
N607LR,1888
N665WN,2143
N464UA,1289
N570JB,1729
N78511,2652
N481WN,1350
N3JSAA,1054
N707EV,2305
N14542,199
N014AA,9
N833AW,2872
N174US,287
N821AS,2796
N907SW,3129
N220FR,403
N7BUAA,2713
N4YUAA,1452
N447SW,1235
N837VA,2889
N229FR,424
N448UA,1239
N636JB,2023
N28529,528
N614QX,1923
N029AA,18
N715SK,2342
N23139,428
N919DL,3207
N0EGMQ,19
N16571,255
N197PQ,336
N503NK,1463
N547JB,1637
N6708D,2166
N605JB,1877
N354JB,691
N805AW,2731
N970SW,3514
N971DL,3516
N224AG,410
N113SY,55
N167US,262
N233LV,433
N615MQ,1927
N139DL,166
N236WN,437
N640AA,2044
N165US,256
N571AA,1732
N266JB,493
N418WN,1150
N338NB,645
N520SW,1524
N636WN,2027
N641JB,2051
N8EGMQ,3078
N318AS,588
N200AA,342
N825SK,2820
N117UW,68
N757UW,2475
N717EV,2349
N770SK,2550
N17115,272
N736SA,2401
N758US,2484
N449WN,1243
N7722B,2564
N969WN,3511
N410WN,1129
N426WN,1172
N3CMAA,942
N750EV,2439
N7706A,2545
N8ACAA,3077
N367SW,733
N779AS,2619
N836VA,2886
N583AA,1759
N537MQ,1609
N718SW,2355
N678CA,2200
N3KAAA,1059
N337NW,644
N643MQ,2060
N584AS,1764
N978AT,3532
N661MQ,2126
N982SW,3543
N771SA,2562
N204WN,357
N654DL,2095
N225AG,412
N908DL,3134
N679DA,2204
N563JB,1698
N136SY,145
N75433,2460
N641NK,2053
N682MQ,2212
N7821L,2636
N913US,3167
N38454,846
N549AS,1644
N535AS,1599
N3DLAA,959
N427WN,1175
N525MQ,1548
N545UA,1631
N649MQ,2079
N650AW,2081
N950WN,3415
N413AS,1135
N371CA,746
N684DA,2215
N37419,772
N521UW,1529
N422UA,1158
N957DL,3454
N484HA,1358
N504AA,1464
N836DN,2883
N18120,299
N900WN,3083
N777QC,2614
N4YAAA,1439
N537JB,1608
N751SW,2445
N795SW,2695
N617MQ,1934
N694MQ,2254
N3BVAA,931
N662MQ,2130
N848VA,2926
N8646B,3006
N152UW,222
N7749B,2601
N8655D,3016
N931DL,3295
N382AA,836
N3EMAA,975
N569JB,1724
N454SW,1256
N919US,3211
N937AT,3334
N13202,131
N3HUAA,1037
N7742B,2592
N702BR,2289
N948WN,3405
N749SW,2436
N906WN,3122
N648JB,2074
N772SW,2576
N334JB,635
N77295,2572
N853AA,2938
N541US,1620
N728SW,2380
N14993,218
N724UW,2373
N76503,2511
N69839,2275
N8942A,3065
N561UW,1692
N797MX,2703
N127UW,112
N975DL,3526
N14188,183
N12540,99
N927DN,3270
N4YRAA,1449
N14204,187
N633JB,2011
N710SW,2323
N204UW,356
N219FR,401
N37252,749
N8665D,3026
N712SW,2331
N11526,58
N863AA,2998
N73860,2404
N425LV,1168
N684JW,2216
N458WN,1270
N3GYAA,1022
N899AT,3075
N353SW,689
N231JB,429
N691MQ,2245
N513AA,1496
N916EV,3186
N525US,1551
N3GXAA,1021
N3747D,789
N3CPAA,944
N956WN,3452
N318US,591
N348NB,672
N629JB,1989
N645MQ,2067
N842VA,2910
N214WN,385
N8317M,2854
N3KLAA,1068
N454WN,1257
N4UCAA,1413
N283WN,524
N528AA,1565
N16918,264
N192JB,326
N3HGAA,1027
N346NB,668
N185UW,312
N5CHAA,1826
N824SK,2815
N644SW,2065
N803AW,2722
N598JB,1817
N57863,1744
N76519,2518
N187US,318
N8932C,3063
N961SW,3476
N54711,1635
N762SK,2499
N333NB,633
N504NK,1466
N856MQ,2947
N17229,283
N402WN,1112
N242WN,454
N26226,485
N656SW,2105
N19130,324
N363NB,718
N424UA,1165
N633SK,2012
N999DN,3573
N908SW,3138
N73291,2392
N186US,314
N602AW,1861
N37298,758
N476UA,1329
N979EV,3536
N325NB,606
N364NB,724
N124SY,96
N932WN,3306
N459WN,1274
N434UA,1195
N37273,753
N340NW,651
N497WN,1406
N746JB,2425
N694DL,2253
N16147,243
N304JB,559
N5FDAA,1843
N445UA,1230
N14905,209
N455CA,1259
N509AY,1487
N15712,233
N934JB,3318
N14704,205
N807AW,2740
N3CVAA,949
N715UW,2344
N16703,259
N923AT,3237
N328NW,614
N687SW,2225
N37255,751
N907JB,3127
N77431,2594
N581AA,1752
N377NW,828
N302NB,555
N914UY,3173
N674US,2187
N749US,2437
N483WN,1356
N865AA,3020
N208WN,365
N381AA,834
N781WN,2635
N948SW,3403
N900EV,3080
N11548,63
N492HA,1388
N906FR,3119
N802AW,2718
N3735D,765
N4XVAA,1435
N616NK,1930
N658MQ,2113
N3MGAA,1099
N703SW,2294
N48127,1346
N3CSAA,946
N183JB,307
N846UA,2921
N915EV,3179
N359SW,704
N804UA,2730
N816DN,2777
N840VA,2904
N944WN,3380
N817AW,2780
N719SK,2357
N964WN,3492
N11109,36
N75426,2457
N7748A,2600
N772UA,2577
N8303R,2837
N320AS,595
N699BR,2280
N843UA,2913
N15973,238
N5CPAA,1829
N528MQ,1567
N955DL,3442
N919AT,3205
N7735A,2583
N603JB,1866
N560UW,1689
N170PQ,268
N362SW,717
N7723E,2565
N215WN,389
N905MQ,3112
N849VA,2928
N678AE,2198
N912WN,3162
N552AS,1657
N12922,118
N8982A,3073
N479WN,1342
N3CXAA,951
N768SK,2535
N11150,39
N13994,163
N147PQ,207
N21197,376
N943DL,3370
N520MQ,1523
N944DN,3377
N550WN,1652
N480WN,1345
N195PQ,332
N948UW,3404
N691WN,2246
N507AY,1477
N909EV,3141
N425AA,1167
N697SW,2263
N15751,234
N674MQ,2186
N430SW,1180
N526NK,1556
N14923,213
N341NB,654
N607NK,1889
N797SK,2704
N585AS,1769
N8662F,3023
N260WN,480
N4XJAA,1427
N806MQ,2737
N411WN,1132
N320US,596
N767SW,2532
N953AT,3428
N603SW,1870
N924SW,3250
N138SY,152
N838VA,2894
N920DL,3215
N913DL,3164
N528VA,1571
N582NW,1757
N792SK,2680
N954DN,3436
N935AT,3321
N932EV,3302
N616QX,1931
N3FDAA,986
N598AA,1816
N612NK,1912
N34110,652
N902WN,3095
N547UW,1639
N423AS,1160
N4XWAA,1436
N875AS,3046
N753SK,2453
N3DVAA,964
N385HA,855
N4WNAA,1417
N138EV,151
N746SW,2427
N373JB,769
N484UA,1359
N328JB,612
N655AW,2098
N33294,630
N416UA,1143
N701SK,2288
N57870,1746
N27722,512
N934WN,3320
N125UW,107
N16709,260
N523US,1537
N621NK,1953
N840AW,2901
N788AS,2664
N620SW,1950
N505JB,1468
N690MQ,2243
N979DL,3535
N309DE,567
N687JS,2224
N719EV,2356
N11199,51
N019AA,12
N427UA,1174
N596AS,1810
N672AW,2180
N3758Y,804
N528AS,1566
N915SW,3180
N5FMAA,1850
N77261,2569
N606LR,1882
N582UW,1758
N900MQ,3081
N956SW,3450
N179JB,296
N843VA,2914
N75425,2456
N627JB,1977
N595UA,1809
N5FBAA,1841
N61881,1937
N803SK,2724
N625VA,1971
N3CNAA,943
N181UW,302
N553WN,1665
N650MQ,2082
N988DL,3557
N956DN,3449
N3GWAA,1020
N4XXAA,1437
N915DE,3176
N966AT,3498
N828JB,2831
N37437,778
N35204,680
N845VA,2919
N779CA,2620
N441SW,1217
N23708,439
N406WN,1121
N669SW,2157
N3ENAA,976
N997DL,3571
N8600F,2954
N929FR,3286
N649AW,2077
N15980,239
N66848,2152
N622VA,1958
N536UW,1606
N3DAAA,952
N375SW,811
N831MQ,2858
N447UA,1236
N487HA,1370
N13118,125
N589NW,1788
N948DN,3400
N792SW,2681
N3GKAA,1011
N956AT,3447
N846VA,2922
N7710A,2552
N954WN,3440
N535JB,1600
N788SA,2665
N520AS,1521
N653SW,2094
N819MQ,2790
N549CA,1645
N6EAMQ,2283
N503AA,1461
N732SK,2393
N506JB,1474
N653AW,2091
N951UW,3420
N8624J,2981
N959SW,3467
N197UW,337
N686DA,2221
N979AT,3534
N565AA,1705
N138DL,150
N15983,240
N856AS,2946
N390DA,867
N475HA,1326
N292JB,538
N368JB,735
N638NK,2036
N901DA,3085
N3JUAA,1055
N855MQ,2943
N190JB,321
N602MQ,1862
N587AS,1775
N926SW,3266
N526JB,1554
N3759,805
N68811,2228
N75410,2455
N012AA,7
N75853,2477
N18556,310
N803UA,2725
N3LEAA,1080
N482WN,1353
N805DN,2732
N542MQ,1623
N939UW,3351
N722TW,2363
N523SW,1536
N623VA,1961
N416SW,1142
N247JB,462
N954UW,3439
N769AS,2537
N14115,171
N400WN,1107
N17139,276
N3HSAA,1035
N423UA,1162
N555AA,1670
N441UA,1218
N8644C,3004
N796AA,2696
N359NB,703
N423WN,1163
N796AS,2697
N8605E,2959
N006AA,4
N533NK,1591
N862AA,2987
N4XGAA,1425
N431AS,1183
N406UA,1120
N632MQ,2004
N323AS,599
N24202,450
N754UW,2465
N15912,237
N750UW,2442
N525SW,1550
N530VA,1581
N33266,626
N232PQ,431
N457WN,1268
N696DL,2259
N527NK,1562
N354NW,692
N37471,787
N508AY,1483
N939FR,3348
N14158,175
N975SW,3527
N608MQ,1893
N3KDAA,1062
N291WN,536
N274WN,509
N970DL,3513
N73256,2386
N515NK,1505
N14173,178
N24702,459
N68452,2214
N815DN,2773
N13553,140
N345NB,664
N725SW,2374
N820DN,2792
N353JB,686
N440UA,1216
N3DYAA,966
N748SK,2433
N392HA,873
N7731A,2579
N916WN,3189
N927WN,3273
N12163,80
N7746C,2598
N914WN,3174
N697DL,2261
N398DA,895
N820SK,2794
N343NW,660
N536JB,1605
N531JB,1583
N932DL,3300
N660MQ,2121
N685BR,2219
N37253,750
N27205,502
N301NB,553
N75861,2480
N105UW,26
N595NW,1808
N3CUAA,948
N8637A,2995
N218AG,397
N18243,305
N76523,2519
N795AS,2693
N693CA,2251
N8923A,3061
N873AS,3041
N27733,514
N4XRAA,1431
N8324A,2863
N3GHAA,1009
N934AT,3314
N479CA,1339
N713SW,2336
N910AW,3146
N796JB,2698
N494AA,1396
N153PQ,223
N27724,513
N927DA,3269
N53442,1593
N945DL,3381
N858AS,2951
N788AA,2663
N7715E,2557
N8322X,2861
N928DN,3276
N7727A,2571
N583HA,1761
N963AT,3482
N373DA,767
N351NW,679
N854VA,2941
N944JB,3378
N3GVAA,1019
N534NK,1596
N8319F,2856
N6702,2160
N929JB,3287
N779UA,2624
N959DL,3465
N907DA,3123
N711HK,2326
N335NW,639
N532NK,1588
N618JB,1940
N468AS,1301
N782SA,2638
N664MQ,2138
N936DL,3329
N911DL,3155
N742SK,2416
N649JB,2078
N431WN,1186
N532US,1589
N903SW,3098
N3MLAA,1103
N429SW,1177
N214UA,384
N828UA,2832
N713AS,2333
N173US,286
N946DN,3387
N829AW,2833
N720WN,2360
N3AEMQ,902
N490WN,1383
N339NB,648
N490UA,1382
N548UW,1643
N924WN,3252
N808AW,2745
N702UW,2290
N780SW,2626
N553AS,1662
N906EV,3118
N142SY,195
N8643A,3003
N295WN,543
N594SW,1806
N911DA,3153
N738CB,2405
N307JB,564
N639VA,2043
N8968E,3069
N8623F,2980
N39726,891
N17108,271
N924DN,3247
N826DN,2822
N495WN,1402
N480AA,1343
N791SW,2677
N836MQ,2884
N993AT,3565
N68823,2232
N013AA,8
N783SW,2643
N751SK,2444
N611MQ,1904
N29917,550
N740UW,2411
N818MQ,2786
N626NK,1973
N682DA,2211
N455WN,1262
N3ADAA,901
N102UW,20
N37422,775
N704US,2297
N17560,288
N556UW,1676
N820AW,2791
N769US,2539
N765SW,2524
N943FR,3372
N923SW,3242
N944DL,3376
N912DN,3158
N769SW,2538
N12552,100
N67171,2177
N525NK,1549
N3EPAA,977
N37466,784
N234WN,434
N25705,475
N8619F,2974
N338NW,646
N12567,103
N157UW,235
N917UY,3195
N3FKAA,992
N912SW,3160
N986SW,3553
N4XEAA,1423
N814SK,2770
N920FR,3218
N528NK,1568
N443SW,1224
N654SW,2097
N339JB,647
N937EV,3337
N614SK,1924
N512UA,1495
N192UW,327
N740EV,2408
N244WN,456
N658JB,2112
N726SK,2376
N524NK,1543
N429WN,1179
N3MDAA,1098
N3JHAA,1048
N442WN,1223
N103SY,21
N8329B,2868
N997AT,3570
N806JB,2736
N653JB,2092
N553UW,1664
N756SA,2470
N459AS,1271
N565WN,1709
N27200,501
N3BYAA,933
N134EV,137
N3HWAA,1039
N790AA,2671
N554WN,1669
N804JB,2728
N807UA,2744
N852UA,2937
N22971,423
N279WN,518
N413UA,1136
N949DN,3407
N11565,65
N752SK,2449
N727SW,2377
N981AT,3540
N613SK,1918
N243WN,455
N154UW,225
N1EAMQ,341
N3JKAA,1050
N934SW,3319
N3JBAA,1042
N814DN,2769
N7712G,2554
N985AT,3549
N652SW,2090
N024AA,15
N133SY,136
N636MQ,2024
N3JGAA,1047
N15572,228
N125DL,105
N3DJAA,958
N765US,2525
N601MQ,1858
N557UW,1680
N946WN,3391
N3LSAA,1088
N3MCAA,1097
N141SY,185
N806DN,2735
N380HA,832
N607SW,1891
N8309C,2842
N76517,2517
N613NK,1917
N840AS,2900
N732US,2394
N986DL,3552
N703JB,2292
N127DL,110
N203FR,352
N491WN,1387
N327NW,611
N750AT,2438
N922FR,3233
N713SK,2335
N3752,798
N632VA,2008
N494WN,1399
N517MQ,1512
N3KHAA,1065
N532MQ,1587
N371NW,747
N38424,842
N606JB,1881
N7724A,2566
N4WJAA,1414
N919DN,3208
N12195,85
N284WN,527
N469UA,1306
N846AS,2920
N493HA,1393
N374HA,793
N35260,681
N528SW,1569
N6714Q,2175
N3GCAA,1004
N13132,128
N16170,244
N632NK,2005
N37277,755
N762US,2501
N477UA,1334
N3DXAA,965
N487UA,1371
N7AVAA,2710
N3HMAA,1032
N3MPAA,1106
N24729,461
N783CA,2641
N675BR,2189
N567UW,1715
N493WN,1395
N923WN,3244
N3ABAA,900
N859AA,2952
N137EV,149
N905DL,3109
N611SW,1908
N669MQ,2156
N4XSAA,1432
N526UA,1558
N71411,2338
N790SW,2673
N492UA,1390
N201LV,348
N728SK,2379
N662DN,2128
N633DL,2010
N648MQ,2075
N850AS,2930
N640SW,2048
N637NK,2030
N7734H,2582
N135SY,142
N398AA,893
N938AT,3341
N635AA,2019
N468AA,1300
N461WN,1281
N471UA,1312
N502AA,1457
N155UW,230
N8649A,3009
N3EKAA,973
N3AHAA,905
N863AS,2999
N689CA,2238
N813UA,2766
N597AA,1813
N519UW,1520
N16976,265
N565JB,1707
N9EAMQ,3574
N892AT,3062
N965SW,3495
N76269,2496
N3739P,766
N627NK,1979
N8965E,3068
N821AW,2797
N591JB,1795
N470WN,1310
N177US,293
N384DA,851
N608JB,1892
N585UW,1770
N919FR,3210
N564WN,1704
N435AS,1197
N688DL,2236
N676CA,2192
N570AS,1728
N478HA,1336
N8667D,3027
N5CKAA,1827
N273JB,504
N14558,200
N14568,202
N544UA,1629
N77871,2616
N850AA,2929
N922EV,3232
N203JB,353
N212UA,378
N592NW,1798
N358JB,700
N464WN,1290
N353NW,688
N19554,331
N523VA,1539
N622AS,1955
N463SW,1284
N4XBAA,1420
N640AW,2045
N4XCAA,1421
N7717D,2559
N935WN,3328
N353NB,687
N3AUAA,914
N3LLAA,1085
N3AMAA,909
N521MQ,1527
N418SW,1148
N21723,394
N645JB,2066
N853AS,2939
N8629A,2986
N933MQ,3312
N802DN,2719
N317WN,587
N942MQ,3368
N983SW,3546
N543US,1627
N839AW,2896
N925UY,3259
N207WN,363
N331NB,622
N33209,624
N764SK,2507
N005AA,3
N8653A,3015
N530AS,1577
N206WN,360
N542US,1624
N3745B,782
N639NK,2041
N848UA,2925
N701BR,2286
N920AT,3213
N442UA,1222
N809UA,2752
N787SK,2662
N904DL,3103
N3KJAA,1066
N87527,3045
N468UA,1303
N329NW,617
N917WN,3196
N970AT,3512
N514AS,1499
N958SW,3461
N569UW,1725
N741EV,2412
N788SK,2666
N020AA,13
N3ARAA,911
N901DE,3086
N412UA,1133
N372DA,759
N349NB,674
N3FHAA,990
N78524,2653
N3CRAA,945
N8625A,2982
N989AT,3558
N975AT,3525
N754SW,2464
N779SW,2623
N636VA,2026
N537US,1611
N824AW,2812
N488WN,1376
N356SW,696
N586AA,1771
N684WN,2217
N993DL,3566
N11165,41
N39463,881
N8325D,2864
N434WN,1196
N39418,877
N950UW,3414
N604SW,1876
N306AS,561
N600WN,1856
N3KFAA,1064
N14562,201
N198JB,339
N889AS,3058
N456WN,1264
N499AA,1410
N11539,61
N23707,438
N804DN,2727
N608QX,1895
N3755D,801
N011AA,6
N3LJAA,1084
N187JB,316
N25134,468
N4YBAA,1440
N346JB,667
N464AS,1287
N939WN,3352
N3FYAA,1002
N5FTAA,1852
N299WN,551
N929DL,3283
N69830,2271
N928DL,3275
N790SK,2672
N718SK,2354
N690DL,2242
N388AA,861
N527JB,1561
N957WN,3458
N922DX,3231
N599AA,1819
N661AW,2123
N689DL,2239
N745VJ,2424
N330NB,618
N718EV,2353
N839AS,2895
N8633A,2992
N8321D,2860
N7718B,2560
N8657B,3018
N709SW,2318
N3BCAA,918
N698DL,2278
N830MQ,2846
N916DE,3183
N698MQ,2279
N457SW,1266
N305AS,560
N578UW,1747
N319NB,593
N717SA,2350
N934DL,3315
N473UA,1319
N5FKAA,1848
N604NK,1873
N766SW,2528
N908EV,3135
N852AS,2936
N636NK,2025
N958UW,3462
N329NB,616
N217AG,395
N3CJAA,941
N267WN,495
N522US,1533
N633VA,2014
N807DN,2741
N960SW,3472
N26549,490
N470AA,1308
N29124,535
N604QX,1874
N419AS,1151
N587UW,1780
N707SK,2307
N77525,2607
N697MQ,2262
N10575,24
N680DA,2208
N498CA,1407
N523AS,1535
N658SW,2114
N496AA,1403
N518UA,1515
N477AA,1331
N629AE,1987
N966DL,3499
N699DL,2281
N197JB,335
N440SW,1215
N509JB,1488
N679SA,2206
N36472,723
N830DN,2845
N799AA,2706
N3ELAA,974
N917SW,3194
N613JB,1916
N566UW,1712
N661JB,2125
N324US,605
N837UA,2888
N588NK,1783
N486AA,1364
N694SW,2255
N201AA,346
N716SK,2346
N69847,2277
N75435,2461
N8307K,2840
N217JC,396
N934FR,3317
N200PQ,343
N668DN,2153
N207FR,361
N3GJAA,1010
N592AS,1796
N426SW,1170
N316NB,581
N904DA,3101
N110SY,33
N839UA,2898
N838AW,2890
N7705A,2543
N255WN,473
N719SW,2358
N16911,263
N344NB,663
N992DL,3564
N66841,2151
N33289,628
N67845,2197
N466AA,1294
N435WN,1200
N293WN,540
N935JB,3324
N405WN,1119
N209WN,368
N524JB,1541
N612DL,1910
N839DN,2897
N583NW,1763
N810AW,2753
N637MQ,2029
N923DL,3238
N382HA,838
N701GS,2287
N348NW,673
N737US,2403
N17105,270
N513MQ,1497
N63820,2033
N66831,2149
N198DN,338
N979SW,3537
N590HA,1792
N741SA,2413
N659BR,2115
N791SK,2676
N901EV,3087
N3JPAA,1053
N196UW,334
N75851,2476
N786SK,2659
N26141,481
N8316H,2853
N493AA,1392
N573UW,1735
N935FR,3323
N417SW,1145
N431UA,1185
N491UA,1386
N8302F,2836
N621JB,1951
N38417,841
N484WN,1360
N857AS,2949
N940WN,3356
N841VA,2907
N7708E,2547
N710EV,2321
N614NK,1922
N3762Y,814
N3EFAA,969
N14162,176
N910DN,3149
N8607M,2961
N456UA,1263
N730US,2385
N755SK,2467
N941SW,3361
N706TW,2304
N816AW,2776
N947SW,3396
N744SK,2420
N936DN,3330
N17984,295
N919WN,3212
N358NB,701
N624SW,1964
N947FR,3394
N847UA,2924
N635NK,2021
N821JB,2799
N004AA,2
N146PQ,204
N909SW,3143
N368NB,736
N133EV,135
N14231,192
N953UW,3432
N481AA,1347
N132SY,134
N830AW,2844
N8669B,3029
N3KXAA,1077
N137DL,148
N986AT,3551
N588UA,1785
N437AA,1204
N357NB,697
N376NW,822
N4YNAA,1447
N455AA,1258
N3HFAA,1026
N838MQ,2892
N78509,2651
N535MQ,1601
N918US,3203
N3FNAA,994
N994AT,3567
N839VA,2899
N579AS,1748
N962WN,3481
N37409,771
N78448,2645
N570UW,1730
N239WN,445
N729JB,2381
N479AA,1338
N7747C,2599
N796UA,2701
N393DA,875
N534US,1597
N482UA,1352
N3FRAA,996
N935DL,3322
N403WN,1115
N709EV,2315
N14731,206
N47414,1321
N195UW,333
N498WN,1409
N567WN,1716
N1402A,168
N965DN,3494
N692DL,2248
N625JB,1967
N638VA,2038
N809MQ,2750
N556JB,1674
N108UW,30
N678AW,2199
N569AS,1723
N336NW,641
N503JB,1462
N808DN,2746
N510MQ,1490
N518MQ,1514
N784SK,2647
N825DN,2818
N276WN,511
N672AE,2179
N824AS,2811
N723SW,2366
N11544,62
N69840,2276
N961DL,3474
N618DL,1939
N587HA,1776
N941UW,3362
N519NK,1518
N57855,1743
N4WKAA,1415
N3744F,780
N340NB,650
N767SK,2531
N66808,2147
N825MQ,2819
N5BTAA,1821
N39416,876
N387DA,860
N534AS,1594
N8306H,2839
N14198,184
N39423,878
N398SW,896
N590AS,1791
N809SK,2751
N683MQ,2213
N87512,3044
N001AA,0
N417UA,1146
N27190,499
N507CA,1478
N921AT,3222
N958DN,3460
N501MQ,1456
N810DN,2754
N679AW,2202
N8603F,2957
N976SW,3529
N3BDAA,919
N6711M,2172
N3MJAA,1101
N287WN,531
N602NK,1863
N75429,2458
N7737E,2585
N319US,594
N5ELAA,1837
N989DL,3559
N502UA,1460
N327NB,610
N967WN,3505
N459UA,1273
N73259,2387
N522UA,1532
N644AS,2062
N73270,2388
N604MQ,1872
N8305E,2838
N529NK,1574
N317US,586
N7711N,2553
N466UA,1296
N5FEAA,1844
N399WN,898
N507MQ,1480
N7752B,2608
N976DL,3528
N776WN,2613
N407WN,1123
N564AS,1701
N966WN,3500
N18557,311
N8613K,2968
N8314L,2851
N4XTAA,1433
N419WN,1153
N264LV,488
N3LUAA,1090
N76254,2494
N918SW,3202
N864AS,3011
N821UA,2802
N923FR,3240
N481UA,1349
N855UA,2944
N14125,172
N023AA,14
N641SW,2054
N3LXAA,1093
N180US,298
N414UA,1138
N642VA,2057
N813MQ,2764
N8609A,2963
N3AWAA,915
N124US,97
N398CA,894
N844AS,2915
N902AW,3089
N519US,1519
N473WN,1320
N3GRAA,1015
N757AT,2473
N619AS,1944
N3ALAA,908
N68842,2233
N3ATAA,913
N838DN,2891
N3FPAA,995
N200WN,345
N623NK,1959
N3ASAA,912
N763US,2505
N633AA,2009
N588NW,1784
N78501,2649
N733UW,2396
N720EV,2359
N3HDAA,1025
N3EWAA,982
N506NK,1476
N123UW,95
N804AW,2726
N3LMAA,1086
N913SW,3166
N562JB,1694
N383AA,840
N605NK,1878
N435SW,1198
N139SY,167
N596NW,1811
N953DL,3429
N37462,783
N658DL,2111
N946SW,3389
N12225,92
N436UA,1202
N951SW,3419
N200UU,344
N75432,2459
N17138,275
N3JCAA,1043
N3FVAA,999
N184US,309
N161UW,247
N187DN,315
N707TW,2308
N604AW,1871
N13550,139
N827AW,2825
N3EJAA,972
N354SW,693
N68817,2229
N552UW,1660
N617DL,1933
N506AS,1472
N3DNAA,960
N679CA,2203
N905AW,3106
N5CNAA,1828
N228JB,419
N921DL,3223
N11140,38
N3BFAA,921
N3KCAA,1061
N5FLAA,1849
N11184,44
N415WN,1141
N328NB,613
N551NW,1654
N68822,2231
N586NW,1774
N474UA,1323
N302AS,554
N13970,158
N924US,3251
N789SK,2669
N869AS,3037
N615NK,1928
N943JB,3373
N860AA,2964
N832UA,2871
N584UW,1767
N410UA,1128
N227FR,416
N597UA,1815
N895AT,3067
N723UW,2368
N590NW,1793
N69819,2268
N927SW,3272
N761RR,2493
N945WN,3385
N12160,79
N426UA,1171
N685SW,2220
N38446,844
N375HA,808
N653MQ,2093
N3KBAA,1060
N263WN,487
N87507,3043
N17126,274
N4YJAA,1445
N809AW,2747
N3767,818
N16546,252
N857AA,2948
N3EDAA,967
N5FNAA,1851
N950DN,3413
N840UA,2903
N48901,1377
N515MQ,1504
N448SW,1238
N23721,440
N75858,2479
N928FR,3278
N665AW,2139
N619NK,1946
N3MMAA,1104
N18220,303
N310DE,570
N3GTAA,1017
N763JB,2502
N3LRAA,1087
N581HA,1753
N14977,216
N6712B,2173
N309US,569
N871AS,3039
N118US,70
N11193,49
N292AY,537
N14916,211
N436AA,1201
N625CA,1966
N342AA,657
N756US,2472
N906DL,3117
N921US,3227
N27213,503
N933AT,3307
N546UW,1634
N646MQ,2070
N907WN,3130
N336NB,640
N38268,835
N35271,682
N918MQ,3201
N533AS,1590
N461AS,1278
N938SW,3344
N594JB,1805
N910DL,3148
N3757D,803
N33103,620
N73275,2389
N770UW,2551
N984CA,3547
N925WN,3260
N612AS,1909
N583JB,1762
N512NK,1494
N478WN,1337
N933WN,3313
N544UW,1630
N219WN,402
N5FHAA,1846
N523UW,1538
N568UW,1721
N536AS,1604
N709UW,2320
N3BHAA,923
N931FR,3297
N709TW,2319
N949JB,3409
N134SY,138
N24212,452
N12564,102
N3EEAA,968
N79402,2687
N3FUAA,998
N365NW,727
N281JB,520
N274JB,508
N843MQ,2912
N568AA,1718
N599JB,1820
N3CWAA,950
N8645A,3005
N789JB,2668
N554NW,1667
N140SY,170
N321NB,597
N977AT,3530
N663JB,2133
N14904,208
N1612T,241
N3GBAA,1003
N8638A,2996
N723TW,2367
N6716C,2176
N483AA,1354
N638JB,2034
N018AA,11
N510NK,1491
N678DL,2201
N785SW,2656
N737JW,2402
N384SW,853
N7AGAA,2708
N396AA,887
N3LCAA,1079
N810SK,2755
N13989,162
N943SW,3374
N952UW,3426
N73445,2398
N851UA,2934
N6707A,2165
N3KPAA,1070
N114UW,57
N969DL,3509
N8310C,2847
N817MQ,2782
N4XKAA,1428
N959DN,3466
N388HA,863
N557AS,1678
N489WN,1380
N68802,2226
N12924,119
N774SK,2602
N216FR,391
N592JB,1797
N151UW,221
N351NB,678
N786AA,2657
N326US,609
N558AS,1682
N7743B,2595
N710UW,2325
N438AA,1207
N3HHAA,1028
N590UA,1794
N34222,655
N447WN,1237
N806AW,2734
N531MQ,1584
N494UA,1398
N3GSAA,1016
N3DFAA,955
N77518,2604
N7730A,2578
N21130,373
N3KSAA,1072
N403AS,1113
N3LTAA,1089
N496UA,1405
N13908,154
N548AS,1640
N729SW,2382
N845MQ,2917
N514SW,1502
N464SW,1288
N884AS,3055
N6701,2159
N775SW,2611
N940DL,3353
N404UA,1116
N840DN,2902
N760SW,2491
N11191,47
N223FR,408
N479UA,1341
N602SW,1864
N6700,2158
N703SK,2293
N477WN,1335
N676DL,2193
N505MQ,1469
N69835,2273
N618NK,1942
N34131,653
N36247,713
N342NW,659
N727TW,2378
N854AA,2940
N835VA,2881
N968WN,3507
N689MQ,2240
N208FR,364
N570AA,1727
N7732A,2580
N13124,127
N631VA,2002
N433UA,1193
N401UA,1108
N783AA,2640
N39461,880
N826AW,2821
N961AT,3473
N475UA,1327
N531AS,1582
N638SW,2037
N761ND,2492
N5EBAA,1833
N14573,203
N937JB,3338
N143DA,196
N775JB,2610
N951DN,3417
N11164,40
N8640D,3000
N3GDAA,1005
N216AG,390
N77066,2544
N27477,507
N368AA,734
N908AW,3131
N6705Y,2163
N428WN,1176
N15574,229
N432WN,1189
N457UA,1267
N664DN,2137
N388DA,862
N3KKAA,1067
N334NB,636
N421LV,1156
N330NW,619
N932SW,3305
N7813P,2629
N375JB,809
N3JJAA,1049
N3DPAA,961
N382DA,837
N3LHAA,1083
N8328A,2867
N946JB,3388
N7817J,2633
N785AA,2654
N347NB,669
N642MQ,2056
N709JB,2316
N751UW,2446
N170US,269
N538CA,1614
N370SW,745
N552NW,1659
N664AW,2136
N16234,248
N315AS,578
N210UA,370
N791AA,2674
N532AS,1586
N624VA,1965
N3CGAA,939
N940DN,3354
N940UW,3355
N396HA,889
N8612K,2967
N27421,506
N758EV,2481
N7BHAA,2712
N549US,1646
N946DL,3386
N386DA,857
N349NW,675
N868CA,3036
N7741C,2591
N637JB,2028
N920US,3220
N813AW,2762
N630VA,1997
N224WN,411
N13110,124
N395DN,884
N7ASAA,2709
N615JB,1926
N3EVAA,981
N817DN,2781
N14171,177
N282WN,522
N3CHAA,940
N38443,843
N917EV,3193
N8903A,3059
N717UW,2352
N38473,850
N646JB,2069
N15910,236
N443UA,1225
N925DN,3255
N375DA,807
N335NB,638
N36469,722
N540UW,1618
N64844,2073
N843AS,2911
N746SK,2426
N128DL,113
N37281,756
N4YCAA,1441
N56859,1717
N26545,489
N628VA,1986
N37456,781
N924EV,3248
N78438,2644
N748UW,2435
N250WN,467
N919EV,3209
N41140,1130
N983AT,3544
N16183,245
N210WN,371
N016AA,10
N3MKAA,1102
N760JB,2489
N13716,146
N922MQ,3234
N564UW,1703
N652MQ,2089
N3FEAA,987
N3JVAA,1056
N796SW,2700
N967DL,3502
N69813,2265
N209FR,367
N784JB,2646
N632SK,2006
N902FR,3093
N3BPAA,928
N894AT,3066
N5CGAA,1825
N4UBAA,1412
N918DE,3197
N8642E,3002
N524UW,1545
N924AT,3245
N3761R,813
N12221,91
N926UW,3267
N665DN,2140
N575UW,1739
N314NB,576
N375AA,806
N463UA,1285
N007AA,5
N369NW,742
N438UA,1209
N3750D,796
N17719,291
N24715,460
N18223,304
N566AS,1710
N13123,126
N3BGAA,922
N3JAAA,1041
N539UW,1617
N3CBAA,935
N5EPAA,1838
N3AYAA,917
N655JB,2099
N7713A,2555
N298JB,547
N482AA,1351
N128UA,115
N20904,366
N827JB,2827
N3AXAA,916
N369SW,743
N948JB,3402
N793JB,2684
N3KWAA,1076
N517NK,1513
N521NK,1528
N928WN,3281
N3CAAA,934
N3GNAA,1013
N551AS,1653
N866AA,3030
N939DN,3347
N3DBAA,953
N750SK,2441
N125SY,106
N140LL,169
N942AT,3364
N8608N,2962
N8663A,3024
N881AS,3052
N935UW,3327
N424AA,1164
N397DA,892
N77520,2606
N396DA,888
N66825,2148
N8318F,2855
N37420,774
N5ESAA,1839
N285WN,529
N558UW,1684
N543MQ,1626
N822DN,2804
N514NK,1501
N57852,1742
N533US,1592
N384HA,852
N605SW,1880
N815UA,2775
N984DL,3548
N69816,2266
N3MHAA,1100
N143SY,197
N537UA,1610
N709BR,2314
N740SK,2409
N3AKAA,907
N4YSAA,1450
N942JB,3367
N26208,483
N467AA,1298
N3BLAA,926
N656MQ,2104
N103US,22
